SET FOREIGN_KEY_CHECKS = 0;

TRUNCATE TABLE sys_notice;
TRUNCATE TABLE site_comment;
TRUNCATE TABLE site_section_content;
TRUNCATE TABLE site_section;
TRUNCATE TABLE site_like;
TRUNCATE TABLE site_click_log;
TRUNCATE TABLE site_tag_relation;
TRUNCATE TABLE tag;
TRUNCATE TABLE site;
TRUNCATE TABLE category;
TRUNCATE TABLE sys_user;

SET FOREIGN_KEY_CHECKS = 1;

-- ==================== 1. category (60条) ====================
INSERT INTO category (id, parent_id, title, en_title, icon, sort, visible, create_time, update_time) VALUES
(1, 0, 'AI写作工具', 'AI Writing', 'ri-pencil-line', 100, 1, NOW(), NOW()),
(2, 0, 'AI图像生成', 'AI Image', 'ri-image-edit', 99, 1, NOW(), NOW()),
(3, 0, 'AI编程助手', 'AI Coding', 'ri-code-s-slash', 98, 1, NOW(), NOW()),
(4, 0, 'AI视频生成', 'AI Video', 'ri-film-line', 97, 1, NOW(), NOW()),
(5, 0, 'AI音频工具', 'AI Audio', 'ri-music-2-line', 96, 1, NOW(), NOW()),
(6, 0, '搜索引擎', 'Search Engine', 'ri-search-line', 95, 1, NOW(), NOW()),
(7, 0, '社交媒体', 'Social Media', 'ri-share-line', 94, 1, NOW(), NOW()),
(8, 0, '在线学习', 'Online Learning', 'ri-graduation-cap', 93, 1, NOW(), NOW()),
(9, 0, '视频平台', 'Video Platform', 'ri-video-line', 92, 1, NOW(), NOW()),
(10, 0, '音乐平台', 'Music', 'ri-headphone-line', 91, 1, NOW(), NOW()),
(11, 0, '新闻门户', 'News', 'ri-newspaper-line', 90, 1, NOW(), NOW()),
(12, 0, '科技博客', 'Tech Blog', 'ri-terminal-box', 89, 1, NOW(), NOW()),
(13, 0, '代码托管', 'Git Hosting', 'ri-git-branch-line', 88, 1, NOW(), NOW()),
(14, 0, '云服务平台', 'Cloud Platform', 'ri-cloud-line', 87, 1, NOW(), NOW()),
(15, 0, '数据库服务', 'Database', 'ri-database-2-line', 86, 1, NOW(), NOW()),
(16, 0, 'API工具', 'API Tools', 'ri-api-line', 85, 1, NOW(), NOW()),
(17, 0, '前端框架', 'Frontend Framework', 'ri-layout-line', 84, 1, NOW(), NOW()),
(18, 0, '后端框架', 'Backend Framework', 'ri-server-line', 83, 1, NOW(), NOW()),
(19, 0, '设计资源', 'Design Resources', 'ri-palette-line', 82, 1, NOW(), NOW()),
(20, 0, '图标素材', 'Icons', 'ri-star-line', 81, 1, NOW(), NOW()),
(21, 0, '字体库', 'Font Library', 'ri-font-size', 80, 1, NOW(), NOW()),
(22, 0, '图片素材', 'Stock Photos', 'ri-image-line', 79, 1, NOW(), NOW()),
(23, 0, '在线工具', 'Online Tools', 'ri-tools-line', 78, 1, NOW(), NOW()),
(24, 0, '效率工具', 'Productivity', 'ri-flashlight-line', 77, 1, NOW(), NOW()),
(25, 0, '笔记应用', 'Note Taking', 'ri-file-text-line', 76, 1, NOW(), NOW()),
(26, 0, '项目管理', 'Project Management', 'ri-projector-line', 75, 1, NOW(), NOW()),
(27, 0, '团队协作', 'Collaboration', 'ri-team-line', 74, 1, NOW(), NOW()),
(28, 0, '远程办公', 'Remote Work', 'ri-home-office-line', 73, 1, NOW(), NOW()),
(29, 0, '网络安全', 'Cyber Security', 'ri-shield-line', 72, 1, NOW(), NOW()),
(30, 0, '性能监控', 'Monitoring', 'ri-bar-chart-line', 71, 1, NOW(), NOW()),
(31, 0, '数据分析', 'Data Analytics', 'ri-pie-chart-line', 70, 1, NOW(), NOW()),
(32, 0, '商业智能', 'BI', 'ri-fund-box-line', 69, 1, NOW(), NOW()),
(33, 0, '电商平台', 'E-Commerce', 'ri-shopping-cart-line', 68, 1, NOW(), NOW()),
(34, 0, '支付服务', 'Payment', 'ri-bank-card-line', 67, 1, NOW(), NOW()),
(35, 0, '物流服务', 'Logistics', 'ri-truck-line', 66, 1, NOW(), NOW()),
(36, 0, '地图服务', 'Map', 'ri-map-pin-line', 65, 1, NOW(), NOW()),
(37, 0, '天气服务', 'Weather', 'ri-sun-line', 64, 1, NOW(), NOW()),
(38, 0, '翻译工具', 'Translation', 'ri-translate', 63, 1, NOW(), NOW()),
(39, 0, '域名注册', 'Domain', 'ri-global-line', 62, 1, NOW(), NOW()),
(40, 0, '主机服务', 'Hosting', 'ri-hard-drive-line', 61, 1, NOW(), NOW()),
(41, 0, 'CDN服务', 'CDN', 'ri-speed-line', 60, 1, NOW(), NOW()),
(42, 0, '邮件服务', 'Email', 'ri-mail-line', 59, 1, NOW(), NOW()),
(43, 0, '客服系统', 'Customer Service', 'ri-customer-service', 58, 1, NOW(), NOW()),
(44, 0, '营销工具', 'Marketing', 'ri-megaphone-line', 57, 1, NOW(), NOW()),
(45, 0, 'SEO工具', 'SEO', 'ri-google-line', 56, 1, NOW(), NOW()),
(46, 0, '广告平台', 'Advertising', 'ri-advertisement', 55, 1, NOW(), NOW()),
(47, 0, '招聘平台', 'Recruitment', 'ri-user-search-line', 54, 1, NOW(), NOW()),
(48, 0, '房产信息', 'Real Estate', 'ri-building-line', 53, 1, NOW(), NOW()),
(49, 0, '汽车资讯', 'Auto', 'ri-car-line', 52, 1, NOW(), NOW()),
(50, 0, '健康医疗', 'Health', 'ri-heart-pulse-line', 51, 1, NOW(), NOW()),
(51, 0, '健身运动', 'Fitness', 'ri-run-line', 50, 1, NOW(), NOW()),
(52, 0, '旅游出行', 'Travel', 'ri-flight-takeoff-line', 49, 1, NOW(), NOW()),
(53, 0, '美食菜谱', 'Food', 'ri-restaurant-line', 48, 1, NOW(), NOW()),
(54, 0, '宠物社区', 'Pet', 'ri-paw-print-line', 47, 1, NOW(), NOW()),
(55, 0, '游戏娱乐', 'Games', 'ri-gamepad-line', 46, 1, NOW(), NOW()),
(56, 0, '动漫二次元', 'Anime', 'ri-anime-line', 45, 1, NOW(), NOW()),
(57, 0, '摄影社区', 'Photography', 'ri-camera-line', 44, 1, NOW(), NOW()),
(58, 0, '时尚穿搭', 'Fashion', 'ri-shirt-line', 43, 1, NOW(), NOW()),
(59, 0, '财经金融', 'Finance', 'ri-money-cny-box-line', 42, 1, NOW(), NOW()),
(60, 0, '法律咨询', 'Legal', 'ri-scale-line', 41, 1, NOW(), NOW());

-- ==================== 2. tag (60条) ====================
INSERT INTO tag (id, tag_name, create_time) VALUES
(1, 'AI', NOW()), (2, '机器学习', NOW()), (3, '深度学习', NOW()), (4, '自然语言处理', NOW()),
(5, '计算机视觉', NOW()), (6, 'Python', NOW()), (7, 'JavaScript', NOW()), (8, 'TypeScript', NOW()),
(9, 'React', NOW()), (10, 'Vue', NOW()), (11, 'Angular', NOW()), (12, 'Node.js', NOW()),
(13, 'Java', NOW()), (14, 'Spring Boot', NOW()), (15, '数据库', NOW()), (16, 'MySQL', NOW()),
(17, 'Redis', NOW()), (18, 'MongoDB', NOW()), (19, 'Docker', NOW()), (20, 'Kubernetes', NOW()),
(21, '云计算', NOW()), (22, 'AWS', NOW()), (23, 'Azure', NOW()), (24, '前端开发', NOW()),
(25, '后端开发', NOW()), (26, '全栈开发', NOW()), (27, '移动开发', NOW()), (28, 'UI设计', NOW()),
(29, 'UX设计', NOW()), (30, '原型设计', NOW()), (31, '图标设计', NOW()), (32, '平面设计', NOW()),
(33, '视频剪辑', NOW()), (34, '3D建模', NOW()), (35, '数据分析', NOW()), (36, '数据可视化', NOW()),
(37, '大数据', NOW()), (38, '商业分析', NOW()), (39, '项目管理', NOW()), (40, '敏捷开发', NOW()),
(41, 'DevOps', NOW()), (42, '自动化', NOW()), (43, '软件测试', NOW()), (44, '信息安全', NOW()),
(45, '开源', NOW()), (46, 'API', NOW()), (47, '微服务', NOW()), (48, '架构设计', NOW()),
(49, '性能优化', NOW()), (50, 'Linux', NOW()), (51, 'Git', NOW()), (52, '搜索引擎优化', NOW()),
(53, '内容营销', NOW()), (54, '电子商务', NOW()), (55, '社交网络', NOW()), (56, '即时通讯', NOW()),
(57, '远程协作', NOW()), (58, '教育科技', NOW()), (59, '金融科技', NOW()), (60, '区块链', NOW());

-- ==================== 3. sys_user (60条) ====================
INSERT INTO sys_user (id, username, password, name, avatar, sex, email, phone, status, create_time, update_time, last_login_time, last_login_ip) VALUES
(1, 'admin', 'e10adc3949ba59abbe56e057f20f883e', '管理员', 'https://api.dicebear.com/7.x/avataaars/svg?seed=admin', 1, 'admin@webstack.com', '13800000001', 1, NOW(), NOW(), NULL, NULL),
(2, 'zhangsan', 'e10adc3949ba59abbe56e057f20f883e', '张三', 'https://api.dicebear.com/7.x/avataaars/svg?seed=zhangsan', 1, 'zhangsan@example.com', '13800000002', 1, NOW(), NOW(), NULL, NULL),
(3, 'lisi', 'e10adc3949ba59abbe56e057f20f883e', '李四', 'https://api.dicebear.com/7.x/avataaars/svg?seed=lisi', 1, 'lisi@example.com', '13800000003', 1, NOW(), NOW(), NULL, NULL),
(4, 'wangwu', 'e10adc3949ba59abbe56e057f20f883e', '王五', 'https://api.dicebear.com/7.x/avataaars/svg?seed=wangwu', 0, 'wangwu@example.com', '13800000004', 1, NOW(), NOW(), NULL, NULL),
(5, 'zhaoliu', 'e10adc3949ba59abbe56e057f20f883e', '赵六', 'https://api.dicebear.com/7.x/avataaars/svg?seed=zhaoliu', 1, 'zhaoliu@example.com', '13800000005', 1, NOW(), NOW(), NULL, NULL),
(6, 'sunqi', 'e10adc3949ba59abbe56e057f20f883e', '孙七', 'https://api.dicebear.com/7.x/avataaars/svg?seed=sunqi', 0, 'sunqi@example.com', '13800000006', 1, NOW(), NOW(), NULL, NULL),
(7, 'zhouba', 'e10adc3949ba59abbe56e057f20f883e', '周八', 'https://api.dicebear.com/7.x/avataaars/svg?seed=zhouba', 1, 'zhouba@example.com', '13800000007', 1, NOW(), NOW(), NULL, NULL),
(8, 'wujiu', 'e10adc3949ba59abbe56e057f20f883e', '吴九', 'https://api.dicebear.com/7.x/avataaars/svg?seed=wujiu', 0, 'wujiu@example.com', '13800000008', 1, NOW(), NOW(), NULL, NULL),
(9, 'zhengshi', 'e10adc3949ba59abbe56e057f20f883e', '郑十', 'https://api.dicebear.com/7.x/avataaars/svg?seed=zhengshi', 1, 'zhengshi@example.com', '13800000009', 1, NOW(), NOW(), NULL, NULL),
(10, 'chenmo', 'e10adc3949ba59abbe56e057f20f883e', '陈默', 'https://api.dicebear.com/7.x/avataaars/svg?seed=chenmo', 1, 'chenmo@example.com', '13800000010', 1, NOW(), NOW(), NULL, NULL),
(11, 'linxiao', 'e10adc3949ba59abbe56e057f20f883e', '林晓', 'https://api.dicebear.com/7.x/avataaars/svg?seed=linxiao', 0, 'linxiao@example.com', '13800000011', 1, NOW(), NOW(), NULL, NULL),
(12, 'huangwei', 'e10adc3949ba59abbe56e057f20f883e', '黄伟', 'https://api.dicebear.com/7.x/avataaars/svg?seed=huangwei', 1, 'huangwei@example.com', '13800000012', 1, NOW(), NOW(), NULL, NULL),
(13, 'liuyang', 'e10adc3949ba59abbe56e057f20f883e', '刘洋', 'https://api.dicebear.com/7.x/avataaars/svg?seed=liuyang', 0, 'liuyang@example.com', '13800000013', 1, NOW(), NOW(), NULL, NULL),
(14, 'xuemei', 'e10adc3949ba59abbe56e057f20f883e', '薛梅', 'https://api.dicebear.com/7.x/avataaars/svg?seed=xuemei', 0, 'xuemei@example.com', '13800000014', 1, NOW(), NOW(), NULL, NULL),
(15, 'tangfeng', 'e10adc3949ba59abbe56e057f20f883e', '唐峰', 'https://api.dicebear.com/7.x/avataaars/svg?seed=tangfeng', 1, 'tangfeng@example.com', '13800000015', 1, NOW(), NOW(), NULL, NULL),
(16, 'hanlei', 'e10adc3949ba59abbe56e057f20f883e', '韩磊', 'https://api.dicebear.com/7.x/avataaars/svg?seed=hanlei', 1, 'hanlei@example.com', '13800000016', 1, NOW(), NOW(), NULL, NULL),
(17, 'caojun', 'e10adc3949ba59abbe56e057f20f883e', '曹军', 'https://api.dicebear.com/7.x/avataaars/svg?seed=caojun', 1, 'caojun@example.com', '13800000017', 1, NOW(), NOW(), NULL, NULL),
(18, 'dengli', 'e10adc3949ba59abbe56e057f20f883e', '邓丽', 'https://api.dicebear.com/7.x/avataaars/svg?seed=dengli', 0, 'dengli@example.com', '13800000018', 1, NOW(), NOW(), NULL, NULL),
(19, 'fanwei', 'e10adc3949ba59abbe56e057f20f883e', '范伟', 'https://api.dicebear.com/7.x/avataaars/svg?seed=fanwei', 1, 'fanwei@example.com', '13800000019', 1, NOW(), NOW(), NULL, NULL),
(20, 'pengtao', 'e10adc3949ba59abbe56e057f20f883e', '彭涛', 'https://api.dicebear.com/7.x/avataaars/svg?seed=pengtao', 1, 'pengtao@example.com', '13800000020', 1, NOW(), NOW(), NULL, NULL),
(21, 'songyu', 'e10adc3949ba59abbe56e057f20f883e', '宋雨', 'https://api.dicebear.com/7.x/avataaars/svg?seed=songyu', 0, 'songyu@example.com', '13800000021', 1, NOW(), NOW(), NULL, NULL),
(22, 'jianghao', 'e10adc3949ba59abbe56e057f20f883e', '蒋浩', 'https://api.dicebear.com/7.x/avataaars/svg?seed=jianghao', 1, 'jianghao@example.com', '13800000022', 1, NOW(), NOW(), NULL, NULL),
(23, 'yutian', 'e10adc3949ba59abbe56e057f20f883e', '余甜', 'https://api.dicebear.com/7.x/avataaars/svg?seed=yutian', 0, 'yutian@example.com', '13800000023', 1, NOW(), NOW(), NULL, NULL),
(24, 'suxin', 'e10adc3949ba59abbe56e057f20f883e', '苏欣', 'https://api.dicebear.com/7.x/avataaars/svg?seed=suxin', 0, 'suxin@example.com', '13800000024', 1, NOW(), NOW(), NULL, NULL),
(25, 'panlong', 'e10adc3949ba59abbe56e057f20f883e', '潘龙', 'https://api.dicebear.com/7.x/avataaars/svg?seed=panlong', 1, 'panlong@example.com', '13800000025', 1, NOW(), NOW(), NULL, NULL),
(26, 'yeqiu', 'e10adc3949ba59abbe56e057f20f883e', '叶秋', 'https://api.dicebear.com/7.x/avataaars/svg?seed=yeqiu', 1, 'yeqiu@example.com', '13800000026', 1, NOW(), NOW(), NULL, NULL),
(27, 'tanmin', 'e10adc3949ba59abbe56e057f20f883e', '谭敏', 'https://api.dicebear.com/7.x/avataaars/svg?seed=tanmin', 0, 'tanmin@example.com', '13800000027', 1, NOW(), NOW(), NULL, NULL),
(28, 'shenhao', 'e10adc3949ba59abbe56e057f20f883e', '沈浩', 'https://api.dicebear.com/7.x/avataaars/svg?seed=shenhao', 1, 'shenhao@example.com', '13800000028', 1, NOW(), NOW(), NULL, NULL),
(29, 'weiran', 'e10adc3949ba59abbe56e057f20f883e', '魏然', 'https://api.dicebear.com/7.x/avataaars/svg?seed=weiran', 0, 'weiran@example.com', '13800000029', 1, NOW(), NOW(), NULL, NULL),
(30, 'jiaqiang', 'e10adc3949ba59abbe56e057f20f883e', '贾强', 'https://api.dicebear.com/7.x/avataaars/svg?seed=jiaqiang', 1, 'jiaqiang@example.com', '13800000030', 1, NOW(), NOW(), NULL, NULL),
(31, 'tianye', 'e10adc3949ba59abbe56e057f20f883e', '田野', 'https://api.dicebear.com/7.x/avataaars/svg?seed=tianye', 1, 'tianye@example.com', '13800000031', 1, NOW(), NOW(), NULL, NULL),
(32, 'xujie', 'e10adc3949ba59abbe56e057f20f883e', '许杰', 'https://api.dicebear.com/7.x/avataaars/svg?seed=xujie', 1, 'xujie@example.com', '13800000032', 1, NOW(), NOW(), NULL, NULL),
(33, 'cuina', 'e10adc3949ba59abbe56e057f20f883e', '崔娜', 'https://api.dicebear.com/7.x/avataaars/svg?seed=cuina', 0, 'cuina@example.com', '13800000033', 1, NOW(), NOW(), NULL, NULL),
(34, 'chengyao', 'e10adc3949ba59abbe56e057f20f883e', '程遥', 'https://api.dicebear.com/7.x/avataaars/svg?seed=chengyao', 1, 'chengyao@example.com', '13800000034', 1, NOW(), NOW(), NULL, NULL),
(35, 'lukai', 'e10adc3949ba59abbe56e057f20f883e', '陆凯', 'https://api.dicebear.com/7.x/avataaars/svg?seed=lukai', 1, 'lukai@example.com', '13800000035', 1, NOW(), NOW(), NULL, NULL),
(36, 'daibin', 'e10adc3949ba59abbe56e057f20f883e', '戴彬', 'https://api.dicebear.com/7.x/avataaars/svg?seed=daibin', 1, 'daibin@example.com', '13800000036', 1, NOW(), NOW(), NULL, NULL),
(37, 'weilong', 'e10adc3949ba59abbe56e057f20f883e', '卫龙', 'https://api.dicebear.com/7.x/avataaars/svg?seed=weilong', 1, 'weilong@example.com', '13800000037', 1, NOW(), NOW(), NULL, NULL),
(38, 'jiangmei', 'e10adc3949ba59abbe56e057f20f883e', '蒋梅', 'https://api.dicebear.com/7.x/avataaars/svg?seed=jiangmei', 0, 'jiangmei@example.com', '13800000038', 1, NOW(), NOW(), NULL, NULL),
(39, 'baohua', 'e10adc3949ba59abbe56e057f20f883e', '鲍华', 'https://api.dicebear.com/7.x/avataaars/svg?seed=baohua', 1, 'baohua@example.com', '13800000039', 1, NOW(), NOW(), NULL, NULL),
(40, 'longhao', 'e10adc3949ba59abbe56e057f20f883e', '龙浩', 'https://api.dicebear.com/7.x/avataaars/svg?seed=longhao', 1, 'longhao@example.com', '13800000040', 1, NOW(), NOW(), NULL, NULL),
(41, 'hewen', 'e10adc3949ba59abbe56e057f20f883e', '何文', 'https://api.dicebear.com/7.x/avataaars/svg?seed=hewen', 1, 'hewen@example.com', '13800000041', 1, NOW(), NOW(), NULL, NULL),
(42, 'shilei', 'e10adc3949ba59abbe56e057f20f883e', '施磊', 'https://api.dicebear.com/7.x/avataaars/svg?seed=shilei', 1, 'shilei@example.com', '13800000042', 1, NOW(), NOW(), NULL, NULL),
(43, 'qianjin', 'e10adc3949ba59abbe56e057f20f883e', '钱进', 'https://api.dicebear.com/7.x/avataaars/svg?seed=qianjin', 1, 'qianjin@example.com', '13800000043', 1, NOW(), NOW(), NULL, NULL),
(44, 'fanyun', 'e10adc3949ba59abbe56e057f20f883e', '方云', 'https://api.dicebear.com/7.x/avataaars/svg?seed=fanyun', 0, 'fanyun@example.com', '13800000044', 1, NOW(), NOW(), NULL, NULL),
(45, 'macheng', 'e10adc3949ba59abbe56e057f20f883e', '马成', 'https://api.dicebear.com/7.x/avataaars/svg?seed=macheng', 1, 'macheng@example.com', '13800000045', 1, NOW(), NOW(), NULL, NULL),
(46, 'houliang', 'e10adc3949ba59abbe56e057f20f883e', '侯亮', 'https://api.dicebear.com/7.x/avataaars/svg?seed=houliang', 1, 'houliang@example.com', '13800000046', 1, NOW(), NOW(), NULL, NULL),
(47, 'xialing', 'e10adc3949ba59abbe56e057f20f883e', '夏玲', 'https://api.dicebear.com/7.x/avataaars/svg?seed=xialing', 0, 'xialing@example.com', '13800000047', 1, NOW(), NOW(), NULL, NULL),
(48, 'shiqiang', 'e10adc3949ba59abbe56e057f20f883e', '石强', 'https://api.dicebear.com/7.x/avataaars/svg?seed=shiqiang', 1, 'shiqiang@example.com', '13800000048', 1, NOW(), NOW(), NULL, NULL),
(49, 'duanping', 'e10adc3949ba59abbe56e057f20f883e', '段平', 'https://api.dicebear.com/7.x/avataaars/svg?seed=duanping', 1, 'duanping@example.com', '13800000049', 1, NOW(), NOW(), NULL, NULL),
(50, 'leiyu', 'e10adc3949ba59abbe56e057f20f883e', '雷宇', 'https://api.dicebear.com/7.x/avataaars/svg?seed=leiyu', 1, 'leiyu@example.com', '13800000050', 1, NOW(), NOW(), NULL, NULL),
(51, 'yuanyuan', 'e10adc3949ba59abbe56e057f20f883e', '袁媛', 'https://api.dicebear.com/7.x/avataaars/svg?seed=yuanyuan', 0, 'yuanyuan@example.com', '13800000051', 1, NOW(), NOW(), NULL, NULL),
(52, 'zoubin', 'e10adc3949ba59abbe56e057f20f883e', '邹彬', 'https://api.dicebear.com/7.x/avataaars/svg?seed=zoubin', 1, 'zoubin@example.com', '13800000052', 1, NOW(), NOW(), NULL, NULL),
(53, 'guowei', 'e10adc3949ba59abbe56e057f20f883e', '郭伟', 'https://api.dicebear.com/7.x/avataaars/svg?seed=guowei', 1, 'guowei@example.com', '13800000053', 1, NOW(), NOW(), NULL, NULL),
(54, 'dingrui', 'e10adc3949ba59abbe56e057f20f883e', '丁睿', 'https://api.dicebear.com/7.x/avataaars/svg?seed=dingrui', 1, 'dingrui@example.com', '13800000054', 1, NOW(), NOW(), NULL, NULL),
(55, 'gongli', 'e10adc3949ba59abbe56e057f20f883e', '龚莉', 'https://api.dicebear.com/7.x/avataaars/svg?seed=gongli', 0, 'gongli@example.com', '13800000055', 1, NOW(), NOW(), NULL, NULL),
(56, 'wanqiang', 'e10adc3949ba59abbe56e057f20f883e', '万强', 'https://api.dicebear.com/7.x/avataaars/svg?seed=wanqiang', 1, 'wanqiang@example.com', '13800000056', 1, NOW(), NOW(), NULL, NULL),
(57, 'xiaojun', 'e10adc3949ba59abbe56e057f20f883e', '肖军', 'https://api.dicebear.com/7.x/avataaars/svg?seed=xiaojun', 1, 'xiaojun@example.com', '13800000057', 1, NOW(), NOW(), NULL, NULL),
(58, 'tianye2', 'e10adc3949ba59abbe56e057f20f883e', '田野', 'https://api.dicebear.com/7.x/avataaars/svg?seed=tianye2', 1, 'tianye2@example.com', '13800000058', 1, NOW(), NOW(), NULL, NULL),
(59, 'yangqiang', 'e10adc3949ba59abbe56e057f20f883e', '杨强', 'https://api.dicebear.com/7.x/avataaars/svg?seed=yangqiang', 1, 'yangqiang@example.com', '13800000059', 1, NOW(), NOW(), NULL, NULL),
(60, 'yingjie', 'e10adc3949ba59abbe56e057f20f883e', '英杰', 'https://api.dicebear.com/7.x/avataaars/svg?seed=yingjie', 1, 'yingjie@example.com', '13800000060', 1, NOW(), NOW(), NULL, NULL);

-- ==================== 4. site (60条) ====================
INSERT INTO site (id, category_id, title, thumb, description, url, like_count, comment_count, click_count, is_recommended, sort, visible, create_time, update_time) VALUES
(1, 1, 'ChatGPT', 'https://www.google.com/s2/favicons?domain=chat.openai.com&sz=64', 'OpenAI 开发的对话式 AI 助手，支持多轮对话与内容生成', 'https://chat.openai.com', 0, 0, 0, 0, 60, 1, NOW(), NOW()),
(2, 2, 'Midjourney', 'https://www.google.com/s2/favicons?domain=midjourney.com&sz=64', 'AI 图像生成工具，通过文本描述生成高质量图片', 'https://www.midjourney.com', 0, 0, 0, 0, 59, 1, NOW(), NOW()),
(3, 3, 'GitHub Copilot', 'https://www.google.com/s2/favicons?domain=github.com&sz=64', 'AI 编程助手，在 IDE 中实时提供代码补全建议', 'https://github.com/features/copilot', 0, 0, 0, 0, 58, 1, NOW(), NOW()),
(4, 4, 'Runway', 'https://www.google.com/s2/favicons?domain=runwayml.com&sz=64', 'AI 视频生成与编辑平台，支持文生视频', 'https://runwayml.com', 0, 0, 0, 0, 57, 1, NOW(), NOW()),
(5, 5, 'ElevenLabs', 'https://www.google.com/s2/favicons?domain=elevenlabs.io&sz=64', 'AI 语音合成工具，支持多种语言和情感表达', 'https://elevenlabs.io', 0, 0, 0, 0, 56, 1, NOW(), NOW()),
(6, 6, 'Google', 'https://www.google.com/s2/favicons?domain=google.com&sz=64', '全球最大的搜索引擎，提供快速精准的信息检索', 'https://www.google.com', 0, 0, 0, 0, 55, 1, NOW(), NOW()),
(7, 7, '微博', 'https://www.google.com/s2/favicons?domain=weibo.com&sz=64', '中国最大的社交媒体平台之一，实时分享热点资讯', 'https://www.weibo.com', 0, 0, 0, 0, 54, 1, NOW(), NOW()),
(8, 8, 'Coursera', 'https://www.google.com/s2/favicons?domain=coursera.org&sz=64', '全球知名在线学习平台，提供名校课程与专业证书', 'https://www.coursera.org', 0, 0, 0, 0, 53, 1, NOW(), NOW()),
(9, 9, 'Bilibili', 'https://www.google.com/s2/favicons?domain=bilibili.com&sz=64', '中国领先的视频弹幕平台，涵盖科技、教育、娱乐等内容', 'https://www.bilibili.com', 0, 0, 0, 0, 52, 1, NOW(), NOW()),
(10, 10, '网易云音乐', 'https://www.google.com/s2/favicons?domain=music.163.com&sz=64', '个性化音乐推荐平台，发现好音乐', 'https://music.163.com', 0, 0, 0, 0, 51, 1, NOW(), NOW()),
(11, 11, '澎湃新闻', 'https://www.google.com/s2/favicons?domain=thepaper.cn&sz=64', '专注时政与思想的新闻平台，提供深度报道', 'https://www.thepaper.cn', 0, 0, 0, 0, 50, 1, NOW(), NOW()),
(12, 12, 'InfoQ', 'https://www.google.com/s2/favicons?domain=infoq.cn&sz=64', '技术社区，追踪前沿技术趋势与实践', 'https://www.infoq.cn', 0, 0, 0, 0, 49, 1, NOW(), NOW()),
(13, 13, 'GitHub', 'https://www.google.com/s2/favicons?domain=github.com&sz=64', '全球最大的代码托管平台，开源协作的基石', 'https://github.com', 0, 0, 0, 0, 48, 1, NOW(), NOW()),
(14, 14, '阿里云', 'https://www.google.com/s2/favicons?domain=aliyun.com&sz=64', '国内领先的云计算服务平台，提供全面的云解决方案', 'https://www.aliyun.com', 0, 0, 0, 0, 47, 1, NOW(), NOW()),
(15, 15, 'MySQL', 'https://www.google.com/s2/favicons?domain=mysql.com&sz=64', '最流行的开源关系型数据库管理系统', 'https://www.mysql.com', 0, 0, 0, 0, 46, 1, NOW(), NOW()),
(16, 16, 'Swagger', 'https://www.google.com/s2/favicons?domain=swagger.io&sz=64', 'API 文档工具，自动生成 RESTful API 文档', 'https://swagger.io', 0, 0, 0, 0, 45, 1, NOW(), NOW()),
(17, 17, 'React', 'https://www.google.com/s2/favicons?domain=react.dev&sz=64', '构建用户界面的 JavaScript 库，由 Facebook 维护', 'https://react.dev', 0, 0, 0, 0, 44, 1, NOW(), NOW()),
(18, 18, 'Spring', 'https://www.google.com/s2/favicons?domain=spring.io&sz=64', 'Java 企业级应用开发框架，简化企业开发', 'https://spring.io', 0, 0, 0, 0, 43, 1, NOW(), NOW()),
(19, 19, 'Figma', 'https://www.google.com/s2/favicons?domain=figma.com&sz=64', '在线协作式 UI 设计工具，团队实时协作设计', 'https://www.figma.com', 0, 0, 0, 0, 42, 1, NOW(), NOW()),
(20, 20, 'Font Awesome', 'https://www.google.com/s2/favicons?domain=fontawesome.com&sz=64', '最受欢迎的图标库，提供丰富的矢量图标', 'https://fontawesome.com', 0, 0, 0, 0, 41, 1, NOW(), NOW()),
(21, 21, 'Google Fonts', 'https://www.google.com/s2/favicons?domain=fonts.google.com&sz=64', '免费开源字体库，海量字体任选', 'https://fonts.google.com', 0, 0, 0, 0, 40, 1, NOW(), NOW()),
(22, 22, 'Unsplash', 'https://www.google.com/s2/favicons?domain=unsplash.com&sz=64', '高质量免费图片素材库，每张图片都可商用', 'https://unsplash.com', 0, 0, 0, 0, 39, 1, NOW(), NOW()),
(23, 23, 'Canva', 'https://www.google.com/s2/favicons?domain=canva.com&sz=64', '在线图形设计平台，零基础也能做专业设计', 'https://www.canva.com', 0, 0, 0, 0, 38, 1, NOW(), NOW()),
(24, 24, 'Notion', 'https://www.google.com/s2/favicons?domain=notion.so&sz=64', '全能笔记与协作工具，集成文档、数据库和项目管理', 'https://www.notion.so', 0, 0, 0, 0, 37, 1, NOW(), NOW()),
(25, 25, 'Obsidian', 'https://www.google.com/s2/favicons?domain=obsidian.md&sz=64', '本地优先的知识管理工具，支持双向链接和知识图谱', 'https://obsidian.md', 0, 0, 0, 0, 36, 1, NOW(), NOW()),
(26, 26, 'Jira', 'https://www.google.com/s2/favicons?domain=atlassian.com&sz=64', '项目管理和问题追踪工具，敏捷开发首选', 'https://www.atlassian.com/software/jira', 0, 0, 0, 0, 35, 1, NOW(), NOW()),
(27, 27, '飞书', 'https://www.google.com/s2/favicons?domain=feishu.cn&sz=64', '一站式企业协作平台，整合即时通讯与文档协作', 'https://www.feishu.cn', 0, 0, 0, 0, 34, 1, NOW(), NOW()),
(28, 28, '腾讯会议', 'https://www.google.com/s2/favicons?domain=meeting.tencent.com&sz=64', '高清流畅的远程视频会议工具，支持屏幕共享', 'https://meeting.tencent.com', 0, 0, 0, 0, 33, 1, NOW(), NOW()),
(29, 29, 'Cloudflare', 'https://www.google.com/s2/favicons?domain=cloudflare.com&sz=64', '全球领先的 CDN 和安全防护服务提供商', 'https://www.cloudflare.com', 0, 0, 0, 0, 32, 1, NOW(), NOW()),
(30, 30, 'Datadog', 'https://www.google.com/s2/favicons?domain=datadoghq.com&sz=64', '云端应用监控与分析平台，实时追踪性能指标', 'https://www.datadoghq.com', 0, 0, 0, 0, 31, 1, NOW(), NOW()),
(31, 31, 'Tableau', 'https://www.google.com/s2/favicons?domain=tableau.com&sz=64', '业界领先的数据可视化和商业智能平台', 'https://www.tableau.com', 0, 0, 0, 0, 30, 1, NOW(), NOW()),
(32, 32, 'Power BI', 'https://www.google.com/s2/favicons?domain=powerbi.microsoft.com&sz=64', '微软出品的商业分析工具，将数据转化为洞察', 'https://powerbi.microsoft.com', 0, 0, 0, 0, 29, 1, NOW(), NOW()),
(33, 33, '京东', 'https://www.google.com/s2/favicons?domain=jd.com&sz=64', '中国知名综合电商平台，正品保障物流快捷', 'https://www.jd.com', 0, 0, 0, 0, 28, 1, NOW(), NOW()),
(34, 34, '支付宝', 'https://www.google.com/s2/favicons?domain=alipay.com&sz=64', '全球领先的第三方支付平台，安全便捷', 'https://www.alipay.com', 0, 0, 0, 0, 27, 1, NOW(), NOW()),
(35, 35, '顺丰速运', 'https://www.google.com/s2/favicons?domain=sf-express.com&sz=64', '中国领先的快递物流服务商，时效保障', 'https://www.sf-express.com', 0, 0, 0, 0, 26, 1, NOW(), NOW()),
(36, 36, '高德地图', 'https://www.google.com/s2/favicons?domain=amap.com&sz=64', '专业的数字地图导航服务商，实时路况更新', 'https://www.amap.com', 0, 0, 0, 0, 25, 1, NOW(), NOW()),
(37, 37, '中国天气网', 'https://www.google.com/s2/favicons?domain=weather.com.cn&sz=64', '权威天气预报服务平台，精准气象信息', 'http://www.weather.com.cn', 0, 0, 0, 0, 24, 1, NOW(), NOW()),
(38, 38, 'DeepL', 'https://www.google.com/s2/favicons?domain=deepl.com&sz=64', '全球最准确的机器翻译工具之一，支持多语种互译', 'https://www.deepl.com', 0, 0, 0, 0, 23, 1, NOW(), NOW()),
(39, 39, '万网', 'https://www.google.com/s2/favicons?domain=aliyun.com&sz=64', '阿里云旗下域名注册服务商，提供域名注册与托管', 'https://wanwang.aliyun.com', 0, 0, 0, 0, 22, 1, NOW(), NOW()),
(40, 40, 'Vercel', 'https://www.google.com/s2/favicons?domain=vercel.com&sz=64', '前端部署平台，支持 Serverless 函数和自动 HTTPS', 'https://vercel.com', 0, 0, 0, 0, 21, 1, NOW(), NOW()),
(41, 41, '七牛云', 'https://www.google.com/s2/favicons?domain=qiniu.com&sz=64', '国内知名云存储和 CDN 加速服务商', 'https://www.qiniu.com', 0, 0, 0, 0, 20, 1, NOW(), NOW()),
(42, 42, 'QQ邮箱', 'https://www.google.com/s2/favicons?domain=mail.qq.com&sz=64', '腾讯旗下免费邮箱服务，稳定可靠', 'https://mail.qq.com', 0, 0, 0, 0, 19, 1, NOW(), NOW()),
(43, 43, 'Udesk', 'https://www.google.com/s2/favicons?domain=udesk.cn&sz=64', '智能客服系统，整合在线客服、呼叫中心和工单系统', 'https://www.udesk.cn', 0, 0, 0, 0, 18, 1, NOW(), NOW()),
(44, 44, '百度营销', 'https://www.google.com/s2/favicons?domain=baidu.com&sz=64', '搜索引擎营销广告投放平台', 'https://www2.baidu.com', 0, 0, 0, 0, 17, 1, NOW(), NOW()),
(45, 45, '百度统计', 'https://www.google.com/s2/favicons?domain=tongji.baidu.com&sz=64', '专业的网站流量分析工具，了解用户行为', 'https://tongji.baidu.com', 0, 0, 0, 0, 16, 1, NOW(), NOW()),
(46, 46, '巨量引擎', 'https://www.google.com/s2/favicons?domain=oceanengine.com&sz=64', '字节跳动旗下广告投放平台，覆盖抖音、今日头条等', 'https://www.oceanengine.com', 0, 0, 0, 0, 15, 1, NOW(), NOW()),
(47, 47, 'Boss直聘', 'https://www.google.com/s2/favicons?domain=zhipin.com&sz=64', '互联网招聘平台，求职者与老板直接沟通', 'https://www.zhipin.com', 0, 0, 0, 0, 14, 1, NOW(), NOW()),
(48, 48, '贝壳找房', 'https://www.google.com/s2/favicons?domain=ke.com&sz=64', '中国领先的房产信息平台，提供真实房源信息', 'https://www.ke.com', 0, 0, 0, 0, 13, 1, NOW(), NOW()),
(49, 49, '汽车之家', 'https://www.google.com/s2/favicons?domain=autohome.com.cn&sz=64', '中国最大的汽车资讯平台，覆盖买车用车全流程', 'https://www.autohome.com.cn', 0, 0, 0, 0, 12, 1, NOW(), NOW()),
(50, 50, '丁香医生', 'https://www.google.com/s2/favicons?domain=dxy.com&sz=64', '专业的医疗健康科普平台，提供可靠的医学知识', 'https://www.dxy.com', 0, 0, 0, 0, 11, 1, NOW(), NOW()),
(51, 51, 'Keep', 'https://www.google.com/s2/favicons?domain=gotokeep.com&sz=64', '知名的健身运动应用，提供科学训练课程', 'https://www.gotokeep.com', 0, 0, 0, 0, 10, 1, NOW(), NOW()),
(52, 52, '携程旅行', 'https://www.google.com/s2/favicons?domain=ctrip.com&sz=64', '中国领先的在线旅游服务平台，一站式出行服务', 'https://www.ctrip.com', 0, 0, 0, 0, 9, 1, NOW(), NOW()),
(53, 53, '下厨房', 'https://www.google.com/s2/favicons?domain=xiachufang.com&sz=64', '中国最大的家庭烹饪爱好者社区，海量菜谱分享', 'https://www.xiachufang.com', 0, 0, 0, 0, 8, 1, NOW(), NOW()),
(54, 54, '小红书', 'https://www.google.com/s2/favicons?domain=xiaohongshu.com&sz=64', '年轻人生活方式社区，分享宠物、美妆、旅行等', 'https://www.xiaohongshu.com', 0, 0, 0, 0, 7, 1, NOW(), NOW()),
(55, 55, 'Steam', 'https://www.google.com/s2/favicons?domain=store.steampowered.com&sz=64', '全球最大的数字游戏发行平台，海量游戏资源', 'https://store.steampowered.com', 0, 0, 0, 0, 6, 1, NOW(), NOW()),
(56, 56, 'AcFun', 'https://www.google.com/s2/favicons?domain=acfun.cn&sz=64', '国内最早的弹幕视频网，动漫二次元文化发源地', 'https://www.acfun.cn', 0, 0, 0, 0, 5, 1, NOW(), NOW()),
(57, 57, '500px', 'https://www.google.com/s2/favicons?domain=500px.com&sz=64', '全球知名摄影社区，发现和分享精美摄影作品', 'https://500px.com', 0, 0, 0, 0, 4, 1, NOW(), NOW()),
(58, 58, '得物', 'https://www.google.com/s2/favicons?domain=dewu.com&sz=64', '潮流电商平台，专注正品球鞋和潮流服饰', 'https://www.dewu.com', 0, 0, 0, 0, 3, 1, NOW(), NOW()),
(59, 59, '东方财富', 'https://www.google.com/s2/favicons?domain=eastmoney.com&sz=64', '中国领先的财经资讯与证券交易平台', 'https://www.eastmoney.com', 0, 0, 0, 0, 2, 1, NOW(), NOW()),
(60, 60, '中国法律服务网', 'https://www.google.com/s2/favicons?domain=12348.gov.cn&sz=64', '提供在线法律咨询和法律援助服务的官方平台', 'http://www.12348.gov.cn', 0, 0, 0, 0, 1, 1, NOW(), NOW());

-- ==================== 5. site_tag_relation (60条) ====================
INSERT INTO site_tag_relation (id, site_id, tag_id) VALUES
(1, 1, 1), (2, 1, 4), (3, 2, 1), (4, 2, 5), (5, 3, 1), (6, 3, 6), (7, 4, 1), (8, 4, 33), (9, 5, 1), (10, 5, 4),
(11, 6, 46), (12, 7, 55), (13, 8, 58), (14, 9, 9), (15, 10, 55), (16, 11, 11), (17, 12, 7), (18, 13, 13), (19, 13, 51), (20, 14, 21),
(21, 14, 22), (22, 15, 15), (23, 15, 16), (24, 16, 46), (25, 17, 9), (26, 17, 24), (27, 18, 13), (28, 18, 14), (29, 19, 28), (30, 20, 31),
(31, 21, 21), (32, 22, 22), (33, 23, 23), (34, 24, 24), (35, 25, 25), (36, 26, 39), (37, 26, 40), (38, 27, 57), (39, 28, 42), (40, 29, 44),
(41, 30, 49), (42, 31, 35), (43, 31, 36), (44, 33, 54), (45, 34, 59), (46, 36, 21), (47, 38, 4), (48, 40, 24), (49, 40, 41), (50, 41, 21),
(51, 44, 53), (52, 45, 52), (53, 47, 26), (54, 50, 58), (55, 51, 42), (56, 53, 42), (57, 54, 55), (58, 55, 55), (59, 57, 28), (60, 59, 38);

-- ==================== 6. site_click_log (60条) ====================
INSERT INTO site_click_log (id, site_id, user_id, ip, create_time) VALUES
(1, 1, 5, '192.168.1.101', '2026-06-08 10:30:00'),
(2, 3, 12, '10.0.0.25', '2026-06-08 10:35:00'),
(3, 6, NULL, '203.0.113.42', '2026-06-08 11:00:00'),
(4, 13, 8, '172.16.0.1', '2026-06-08 11:15:00'),
(5, 14, 3, '192.168.1.102', '2026-06-08 11:30:00'),
(6, 19, 25, '10.0.0.26', '2026-06-08 12:00:00'),
(7, 24, NULL, '198.51.100.7', '2026-06-08 12:15:00'),
(8, 27, 17, '192.168.1.103', '2026-06-08 13:00:00'),
(9, 33, 42, '10.0.0.27', '2026-06-08 13:30:00'),
(10, 9, NULL, '203.0.113.88', '2026-06-08 14:00:00'),
(11, 2, 7, '172.16.0.2', '2026-06-08 14:15:00'),
(12, 7, 15, '192.168.1.104', '2026-06-08 14:30:00'),
(13, 17, NULL, '198.51.100.12', '2026-06-08 15:00:00'),
(14, 40, 33, '10.0.0.28', '2026-06-08 15:15:00'),
(15, 47, 50, '192.168.1.105', '2026-06-08 15:30:00'),
(16, 55, NULL, '203.0.113.55', '2026-06-08 16:00:00'),
(17, 22, 19, '172.16.0.3', '2026-06-08 16:15:00'),
(18, 29, 28, '10.0.0.29', '2026-06-08 16:30:00'),
(19, 38, NULL, '198.51.100.33', '2026-06-08 17:00:00'),
(20, 52, 11, '192.168.1.106', '2026-06-08 17:15:00'),
(21, 10, 45, '10.0.0.30', '2026-06-08 17:30:00'),
(22, 5, NULL, '203.0.113.21', '2026-06-08 18:00:00'),
(23, 15, 22, '172.16.0.4', '2026-06-08 18:15:00'),
(24, 44, 37, '192.168.1.107', '2026-06-08 18:30:00'),
(25, 59, NULL, '198.51.100.77', '2026-06-08 19:00:00'),
(26, 30, 9, '10.0.0.31', '2026-06-08 19:15:00'),
(27, 41, 55, '192.168.1.108', '2026-06-08 19:30:00'),
(28, 8, NULL, '203.0.113.99', '2026-06-09 08:00:00'),
(29, 20, 14, '172.16.0.5', '2026-06-09 08:15:00'),
(30, 35, 30, '10.0.0.32', '2026-06-09 08:30:00'),
(31, 49, NULL, '198.51.100.44', '2026-06-09 09:00:00'),
(32, 11, 6, '192.168.1.109', '2026-06-09 09:15:00'),
(33, 26, 48, '10.0.0.33', '2026-06-09 09:30:00'),
(34, 34, NULL, '203.0.113.66', '2026-06-09 10:00:00'),
(35, 46, 21, '172.16.0.6', '2026-06-09 10:15:00'),
(36, 4, 39, '192.168.1.110', '2026-06-09 10:30:00'),
(37, 18, NULL, '198.51.100.88', '2026-06-09 11:00:00'),
(38, 23, 16, '10.0.0.34', '2026-06-09 11:15:00'),
(39, 31, 52, '192.168.1.111', '2026-06-09 11:30:00'),
(40, 56, NULL, '203.0.113.11', '2026-06-09 12:00:00'),
(41, 12, 27, '172.16.0.7', '2026-06-09 12:15:00'),
(42, 21, 44, '10.0.0.35', '2026-06-09 12:30:00'),
(43, 37, NULL, '198.51.100.22', '2026-06-09 13:00:00'),
(44, 42, 10, '192.168.1.112', '2026-06-09 13:15:00'),
(45, 57, 35, '10.0.0.36', '2026-06-09 13:30:00'),
(46, 16, NULL, '203.0.113.33', '2026-06-09 14:00:00'),
(47, 25, 18, '172.16.0.8', '2026-06-09 14:15:00'),
(48, 32, 41, '192.168.1.113', '2026-06-09 14:30:00'),
(49, 50, NULL, '198.51.100.55', '2026-06-09 15:00:00'),
(50, 60, 13, '10.0.0.37', '2026-06-09 15:15:00'),
(51, 28, 58, '192.168.1.114', '2026-06-09 15:30:00'),
(52, 39, NULL, '203.0.113.77', '2026-06-09 16:00:00'),
(53, 48, 24, '172.16.0.9', '2026-06-09 16:15:00'),
(54, 54, 36, '10.0.0.38', '2026-06-09 16:30:00'),
(55, 36, NULL, '198.51.100.66', '2026-06-09 17:00:00'),
(56, 43, 29, '192.168.1.115', '2026-06-09 17:15:00'),
(57, 51, 47, '10.0.0.39', '2026-06-09 17:30:00'),
(58, 45, NULL, '203.0.113.44', '2026-06-09 18:00:00'),
(59, 53, 20, '172.16.0.10', '2026-06-09 18:15:00'),
(60, 58, 32, '192.168.1.116', '2026-06-09 18:30:00');

-- ==================== 7. site_like (60条) ====================
INSERT INTO site_like (id, site_id, user_id, ip, create_time) VALUES
(1, 1, 5, NULL, NOW()), (2, 1, 12, NULL, NOW()), (3, 3, NULL, '203.0.113.42', NOW()), (4, 3, 8, NULL, NOW()),
(5, 6, 3, NULL, NOW()), (6, 9, 25, NULL, NOW()), (7, 13, NULL, '198.51.100.7', NOW()), (8, 13, 17, NULL, NOW()),
(9, 14, 42, NULL, NOW()), (10, 19, NULL, '203.0.113.88', NOW()), (11, 24, 7, NULL, NOW()), (12, 27, 15, NULL, NOW()),
(13, 2, NULL, '198.51.100.12', NOW()), (14, 7, 33, NULL, NOW()), (15, 17, 50, NULL, NOW()), (16, 33, NULL, '203.0.113.55', NOW()),
(17, 40, 19, NULL, NOW()), (18, 47, 28, NULL, NOW()), (19, 55, NULL, '198.51.100.33', NOW()), (20, 22, 11, NULL, NOW()),
(21, 29, 45, NULL, NOW()), (22, 38, NULL, '203.0.113.21', NOW()), (23, 52, 22, NULL, NOW()), (24, 10, 37, NULL, NOW()),
(25, 5, NULL, '198.51.100.77', NOW()), (26, 15, 9, NULL, NOW()), (27, 44, 55, NULL, NOW()), (28, 59, NULL, '203.0.113.99', NOW()),
(29, 30, 14, NULL, NOW()), (30, 41, 30, NULL, NOW()), (31, 8, NULL, '198.51.100.44', NOW()), (32, 20, 6, NULL, NOW()),
(33, 35, 48, NULL, NOW()), (34, 49, NULL, '203.0.113.66', NOW()), (35, 11, 21, NULL, NOW()), (36, 26, 39, NULL, NOW()),
(37, 34, NULL, '198.51.100.88', NOW()), (38, 46, 16, NULL, NOW()), (39, 4, 52, NULL, NOW()), (40, 18, NULL, '203.0.113.11', NOW()),
(41, 23, 27, NULL, NOW()), (42, 31, 44, NULL, NOW()), (43, 56, NULL, '198.51.100.22', NOW()), (44, 12, 10, NULL, NOW()),
(45, 21, 35, NULL, NOW()), (46, 37, NULL, '203.0.113.33', NOW()), (47, 42, 18, NULL, NOW()), (48, 57, 41, NULL, NOW()),
(49, 16, NULL, '198.51.100.55', NOW()), (50, 25, 13, NULL, NOW()), (51, 32, 58, NULL, NOW()), (52, 50, NULL, '203.0.113.77', NOW()),
(53, 60, 24, NULL, NOW()), (54, 28, 36, NULL, NOW()), (55, 39, NULL, '198.51.100.66', NOW()), (56, 48, 29, NULL, NOW()),
(57, 54, 47, NULL, NOW()), (58, 36, NULL, '203.0.113.44', NOW()), (59, 43, 20, NULL, NOW()), (60, 51, 32, NULL, NOW());

-- ==================== 8. site_section (60条) ====================
INSERT INTO site_section (id, site_id, title, sort, create_time) VALUES
(1, 1, '产品简介', 1, NOW()), (2, 1, '核心功能', 2, NOW()), (3, 2, '使用指南', 1, NOW()),
(4, 3, '入门教程', 1, NOW()), (5, 3, '高级技巧', 2, NOW()), (6, 4, '产品简介', 1, NOW()),
(7, 6, '核心功能', 1, NOW()), (8, 8, '价格方案', 1, NOW()), (9, 9, '平台特色', 1, NOW()),
(10, 13, '产品简介', 1, NOW()), (11, 13, '核心功能', 2, NOW()), (12, 14, '云服务概述', 1, NOW()),
(13, 17, '框架简介', 1, NOW()), (14, 19, '使用指南', 1, NOW()), (15, 24, '产品简介', 1, NOW()),
(16, 24, '使用技巧', 2, NOW()), (17, 26, '项目管理指南', 1, NOW()), (18, 27, '协作功能', 1, NOW()),
(19, 29, '安全防护', 1, NOW()), (20, 31, '数据可视化', 1, NOW()), (21, 33, '购物指南', 1, NOW()),
(22, 36, '导航功能', 1, NOW()), (23, 38, '翻译技巧', 1, NOW()), (24, 40, '部署指南', 1, NOW()),
(25, 42, '邮箱功能', 1, NOW()), (26, 47, '求职指南', 1, NOW()), (27, 50, '健康科普', 1, NOW()),
(28, 52, '旅行攻略', 1, NOW()), (29, 55, '游戏推荐', 1, NOW()), (30, 59, '投资入门', 1, NOW()),
(31, 5, '语音合成', 1, NOW()), (32, 7, '平台规则', 1, NOW()), (33, 10, '音乐推荐', 1, NOW()),
(34, 11, '新闻分类', 1, NOW()), (35, 12, '技术文章', 1, NOW()), (36, 15, '数据库入门', 1, NOW()),
(37, 16, 'API 文档', 1, NOW()), (38, 18, '框架生态', 1, NOW()), (39, 20, '图标使用', 1, NOW()),
(40, 21, '字体指南', 1, NOW()), (41, 22, '图片搜索', 1, NOW()), (42, 23, '设计模板', 1, NOW()),
(43, 25, '知识管理', 1, NOW()), (44, 28, '会议功能', 1, NOW()), (45, 30, '性能监控', 1, NOW()),
(46, 32, '数据分析', 1, NOW()), (47, 34, '支付安全', 1, NOW()), (48, 35, '物流查询', 1, NOW()),
(49, 37, '天气预报', 1, NOW()), (50, 39, '域名管理', 1, NOW()), (51, 41, 'CDN加速', 1, NOW()),
(52, 43, '客服设置', 1, NOW()), (53, 44, '广告投放', 1, NOW()), (54, 45, '流量分析', 1, NOW()),
(55, 46, '营销工具', 1, NOW()), (56, 48, '房产信息', 1, NOW()), (57, 49, '车型对比', 1, NOW()),
(58, 51, '训练计划', 1, NOW()), (59, 53, '菜谱分类', 1, NOW()), (60, 54, '社区指南', 1, NOW());

-- ==================== 9. site_section_content (60条) ====================
INSERT INTO site_section_content (id, section_id, content_type, text_content, json_data, sort) VALUES
(1, 1, 'paragraph', '这是一款功能强大的 AI 工具，能够显著提升工作效率。', NULL, 1),
(2, 1, 'paragraph', '用户界面简洁直观，上手门槛低，适合各类用户群体。', NULL, 2),
(3, 2, 'paragraph', '支持多平台使用，包括 Web、移动端和桌面客户端。', NULL, 1),
(4, 2, 'list_item', '智能对话：支持多轮上下文理解', NULL, 2),
(5, 3, 'paragraph', '通过文本描述即可生成令人惊叹的艺术图片。', NULL, 1),
(6, 4, 'paragraph', '在 IDE 中安装插件后即可自动激活 AI 代码补全功能。', NULL, 1),
(7, 5, 'list_item', '自定义提示词模板', NULL, 1),
(8, 5, 'list_item', '批量代码重构', NULL, 2),
(9, 7, 'paragraph', '全球最大的搜索引擎，提供快速精准的信息检索服务。', NULL, 1),
(10, 8, 'table', '免费版功能有限，付费版解锁全部课程和证书。', NULL, 1),
(11, 10, 'paragraph', '全球最大的代码托管平台，开源协作的基石。', NULL, 1),
(12, 11, 'list_item', '代码审查：Pull Request 工作流', NULL, 1),
(13, 11, 'list_item', '项目管理：Projects 看板', NULL, 2),
(14, 12, 'paragraph', '提供弹性计算、存储、数据库等全面的云服务。', NULL, 1),
(15, 14, 'paragraph', '团队实时协作设计，支持多人同时编辑。', NULL, 1),
(16, 15, 'paragraph', 'All-in-one 工作空间，集成文档、数据库和项目管理。', NULL, 1),
(17, 16, 'list_item', '模板库：快速创建项目', NULL, 1),
(18, 16, 'list_item', '数据库：结构化信息管理', NULL, 2),
(19, 18, 'paragraph', '一站式企业协作平台，整合即时通讯与文档协作。', NULL, 1),
(20, 19, 'paragraph', '全球领先的 CDN 和安全防护服务提供商。', NULL, 1),
(21, 20, 'paragraph', '将数据转化为直观的可视化图表和仪表盘。', NULL, 1),
(22, 21, 'paragraph', '正品保障，物流快捷，售后无忧。', NULL, 1),
(23, 23, 'paragraph', '支持 30+ 种语言互译，译文自然流畅。', NULL, 1),
(24, 24, 'paragraph', '一键部署前端应用，支持 Serverless 和自动 HTTPS。', NULL, 1),
(25, 26, 'paragraph', '互联网招聘平台，求职者与老板直接沟通。', NULL, 1),
(26, 27, 'paragraph', '专业的医疗健康科普平台，提供可靠的医学知识。', NULL, 1),
(27, 29, 'paragraph', '海量游戏资源，定期折扣促销，社区互动活跃。', NULL, 1),
(28, 30, 'paragraph', '提供实时行情、财经新闻和投资分析工具。', NULL, 1),
(29, 31, 'paragraph', 'AI 语音合成工具，支持多种语言和情感表达。', NULL, 1),
(30, 33, 'paragraph', '基于用户听歌习惯的个性化推荐算法。', NULL, 1),
(31, 35, 'paragraph', '追踪前沿技术趋势与实践案例。', NULL, 1),
(32, 36, 'paragraph', '最流行的开源关系型数据库管理系统。', NULL, 1),
(33, 38, 'paragraph', '围绕 Spring 框架的丰富生态系统和社区。', NULL, 1),
(34, 40, 'paragraph', 'Google 提供的免费开源字体库，海量字体任选。', NULL, 1),
(35, 41, 'paragraph', '海量高质量图片素材，每周更新，支持商业用途。', NULL, 1),
(36, 43, 'paragraph', '本地优先的知识管理工具，支持双向链接和知识图谱。', NULL, 1),
(37, 44, 'paragraph', '高清流畅的远程视频会议工具，支持屏幕共享和录制。', NULL, 1),
(38, 46, 'paragraph', '微软出品的商业分析工具，轻松连接和分析数据。', NULL, 1),
(39, 47, 'paragraph', '全球领先的第三方支付平台，安全便捷。', NULL, 1),
(40, 48, 'paragraph', '输入快递单号即可实时追踪物流状态。', NULL, 1),
(41, 49, 'paragraph', '提供准确的天气预报和气象信息服务。', NULL, 1),
(42, 50, 'paragraph', '提供域名注册、解析和托管等一站式服务。', NULL, 1),
(43, 51, 'paragraph', '国内知名云存储和 CDN 加速服务商。', NULL, 1),
(44, 53, 'paragraph', '搜索引擎营销广告投放平台，精准触达目标用户。', NULL, 1),
(45, 54, 'paragraph', '专业的网站流量分析工具，深入了解用户行为。', NULL, 1),
(46, 55, 'paragraph', '覆盖抖音、今日头条等流量平台的广告投放。', NULL, 1),
(47, 56, 'paragraph', '提供真实房源信息，在线看房和房产交易服务。', NULL, 1),
(48, 57, 'paragraph', '中国最大的汽车资讯平台，覆盖买车用车全流程。', NULL, 1),
(49, 58, 'paragraph', '提供科学训练课程，记录运动数据。', NULL, 1),
(50, 59, 'paragraph', '海量菜谱分享，涵盖中餐、西餐、甜点等各类美食。', NULL, 1),
(51, 60, 'paragraph', '年轻人生活方式社区，分享宠物、美妆、旅行等日常。', NULL, 1),
(52, 6, 'paragraph', 'AI 视频生成与编辑平台，支持文生视频和图生视频。', NULL, 1),
(53, 9, 'paragraph', '中国领先的视频弹幕平台，涵盖科技、教育、娱乐等内容。', NULL, 1),
(54, 13, 'paragraph', '构建用户界面的 JavaScript 库，采用组件化开发模式。', NULL, 1),
(55, 17, 'paragraph', '帮助团队高效管理项目和追踪问题。', NULL, 1),
(56, 22, 'paragraph', '专业的数字地图导航服务商，提供实时路况更新。', NULL, 1),
(57, 25, 'paragraph', '腾讯旗下免费邮箱服务，稳定可靠。', NULL, 1),
(58, 28, 'paragraph', '求职指南：如何优化简历和面试技巧。', NULL, 1),
(59, 32, 'paragraph', '微博平台使用规则和社区公约。', NULL, 1),
(60, 34, 'paragraph', '澎湃新闻频道分类和订阅指南。', NULL, 1);

-- ==================== 10. site_comment (60条) ====================
INSERT INTO site_comment (id, site_id, user_id, guest_name, guest_email, guest_url, content, parent_id, status, create_time) VALUES
(1, 1, 5, NULL, NULL, NULL, '非常好用的 AI 工具，推荐给大家！', NULL, 1, NOW()),
(2, 1, 12, NULL, NULL, NULL, '界面设计很精美，体验不错。', NULL, 1, NOW()),
(3, 3, NULL, '游客A', 'guest3@example.com', NULL, 'GitHub Copilot 让编码效率提升了一倍！', NULL, 1, NOW()),
(4, 6, 8, NULL, NULL, NULL, '搜索精准度无可挑剔。', NULL, 1, NOW()),
(5, 13, NULL, '技术达人', 'guest5@example.com', NULL, '开源社区的基石，每天必上的网站。', NULL, 1, NOW()),
(6, 14, 3, NULL, NULL, NULL, '阿里云的文档越来越完善了。', NULL, 1, NOW()),
(7, 19, 25, NULL, NULL, NULL, 'Figma 的协作功能真的太强了。', NULL, 1, NOW()),
(8, 24, NULL, '小白', 'guest8@example.com', NULL, 'Notion 模板丰富，工作效率提升不少。', NULL, 1, NOW()),
(9, 27, 17, NULL, NULL, NULL, '飞书的文档和会议整合得很好。', NULL, 1, NOW()),
(10, 33, 42, NULL, NULL, NULL, '京东物流还是一如既往的快。', NULL, 1, NOW()),
(11, 1, NULL, '匿名用户', 'guest11@example.com', NULL, 'ChatGPT Plus 值得订阅，回复质量更高。', 1, 1, NOW()),
(12, 3, 15, NULL, NULL, NULL, '配合 VS Code 使用体验最佳。', 3, 1, NOW()),
(13, 9, NULL, '技术达人', 'guest13@example.com', NULL, 'B站的学习资源比想象中丰富。', NULL, 1, NOW()),
(14, 40, 33, NULL, NULL, NULL, 'Vercel 部署前端项目太方便了。', NULL, 1, NOW()),
(15, 47, 50, NULL, NULL, NULL, 'Boss直聘上的回复率很高。', NULL, 1, NOW()),
(16, 55, NULL, '游客A', 'guest16@example.com', NULL, 'Steam 夏促又剁手了。', NULL, 1, NOW()),
(17, 2, 19, NULL, NULL, NULL, 'Midjourney V6 的图片质量令人惊叹。', NULL, 1, NOW()),
(18, 29, 28, NULL, NULL, NULL, 'Cloudflare 的免费套餐就很够用了。', NULL, 1, NOW()),
(19, 38, NULL, '匿名用户', 'guest19@example.com', NULL, 'DeepL 翻译质量明显优于其他工具。', NULL, 1, NOW()),
(20, 52, 11, NULL, NULL, NULL, '携程的酒店预订很方便。', NULL, 1, NOW()),
(21, 10, 45, NULL, NULL, NULL, '网易云音乐的每日推荐越来越懂我了。', NULL, 1, NOW()),
(22, 5, NULL, '小白', 'guest22@example.com', NULL, 'ElevenLabs 的语音合成太真实了。', NULL, 1, NOW()),
(23, 15, 22, NULL, NULL, NULL, 'MySQL 8.0 的性能提升很明显。', NULL, 1, NOW()),
(24, 44, 37, NULL, NULL, NULL, '百度营销的效果数据很详细。', NULL, 1, NOW()),
(25, 59, NULL, '匿名用户', 'guest25@example.com', NULL, '东方财富的行情数据很及时。', NULL, 1, NOW()),
(26, 30, 9, NULL, NULL, NULL, 'Datadog 的监控图表非常直观。', NULL, 1, NOW()),
(27, 41, 55, NULL, NULL, NULL, '七牛云的图片处理功能很实用。', NULL, 1, NOW()),
(28, 8, NULL, '游客A', 'guest28@example.com', NULL, 'Coursera 的课程质量很高。', NULL, 1, NOW()),
(29, 20, 14, NULL, NULL, NULL, 'Font Awesome 6 新增了很多图标。', NULL, 1, NOW()),
(30, 35, 30, NULL, NULL, NULL, '顺丰速运的时效性真的很好。', NULL, 1, NOW()),
(31, 49, NULL, '技术达人', 'guest31@example.com', NULL, '汽车之家的车型对比功能很实用。', NULL, 1, NOW()),
(32, 11, 6, NULL, NULL, NULL, '澎湃新闻的深度报道质量很高。', NULL, 1, NOW()),
(33, 26, 48, NULL, NULL, NULL, 'Jira 的看板功能很适合敏捷开发。', NULL, 1, NOW()),
(34, 34, NULL, '匿名用户', 'guest34@example.com', NULL, '支付宝的集成场景越来越多了。', NULL, 1, NOW()),
(35, 46, 21, NULL, NULL, NULL, '巨量引擎的投放效果不错。', NULL, 1, NOW()),
(36, 4, 39, NULL, NULL, NULL, 'Runway 的视频生成效果越来越好了。', NULL, 1, NOW()),
(37, 18, NULL, '小白', 'guest37@example.com', NULL, 'Spring Boot 让 Java 开发变得简单了。', NULL, 1, NOW()),
(38, 23, 16, NULL, NULL, NULL, 'Canva 的模板设计很精美。', NULL, 1, NOW()),
(39, 31, 52, NULL, NULL, NULL, 'Tableau 的可视化效果很专业。', NULL, 1, NOW()),
(40, 56, NULL, '游客A', 'guest40@example.com', NULL, 'AcFun 的弹幕文化很有特色。', NULL, 1, NOW()),
(41, 12, 27, NULL, NULL, NULL, 'InfoQ 的技术文章质量很高。', NULL, 1, NOW()),
(42, 21, 44, NULL, NULL, NULL, 'Google Fonts 的字体选择很丰富。', NULL, 1, NOW()),
(43, 37, NULL, '技术达人', 'guest43@example.com', NULL, '中国天气网的预报很准确。', NULL, 1, NOW()),
(44, 42, 10, NULL, NULL, NULL, 'QQ邮箱的稳定性很好。', NULL, 1, NOW()),
(45, 57, 35, NULL, NULL, NULL, '500px 上的摄影作品太震撼了。', NULL, 1, NOW()),
(46, 16, NULL, '匿名用户', 'guest46@example.com', NULL, 'Swagger 让 API 文档管理变得简单。', NULL, 1, NOW()),
(47, 25, 18, NULL, NULL, NULL, 'Obsidian 的知识图谱功能很强大。', NULL, 1, NOW()),
(48, 32, 41, NULL, NULL, NULL, 'Power BI 的数据处理能力很强。', NULL, 1, NOW()),
(49, 50, NULL, '小白', 'guest49@example.com', NULL, '丁香医生的科普文章很靠谱。', NULL, 1, NOW()),
(50, 60, 13, NULL, NULL, NULL, '法律咨询平台很方便。', NULL, 1, NOW()),
(51, 28, 58, NULL, NULL, NULL, '腾讯会议的画质和音质都很好。', NULL, 1, NOW()),
(52, 39, NULL, '游客A', 'guest52@example.com', NULL, '万网的域名注册流程很简单。', NULL, 1, NOW()),
(53, 48, 24, NULL, NULL, NULL, '贝壳找房的房源信息很真实。', NULL, 1, NOW()),
(54, 54, 36, NULL, NULL, NULL, '小红书的社区氛围很好。', NULL, 1, NOW()),
(55, 36, NULL, '技术达人', 'guest55@example.com', NULL, '高德地图的实时路况很准确。', NULL, 1, NOW()),
(56, 43, 29, NULL, NULL, NULL, 'Udesk 的客服系统功能全面。', NULL, 1, NOW()),
(57, 51, 47, NULL, NULL, NULL, 'Keep 的训练课程很科学。', NULL, 1, NOW()),
(58, 45, NULL, '匿名用户', 'guest58@example.com', NULL, '百度统计的数据分析维度很多。', NULL, 1, NOW()),
(59, 53, 20, NULL, NULL, NULL, '下厨房的菜谱很详细，跟着做不会翻车。', NULL, 1, NOW()),
(60, 58, 32, NULL, NULL, NULL, '得物的鉴定服务让人放心。', NULL, 1, NOW());

-- ==================== 11. sys_notice (60条) ====================
INSERT INTO sys_notice (id, sender_id, sender_name, receiver_id, notice_type, source_site_id, source_comment_id, title, summary, content, is_read, create_time, read_time) VALUES
(1, 0, '系统公告', 1, 1, NULL, NULL, '欢迎使用 WebStack', '欢迎使用 WebStack 网址导航站！', '欢迎使用 WebStack 网址导航站，在这里您可以发现和收藏优质网站资源。', 1, NOW(), NOW()),
(2, 0, '系统公告', 2, 1, NULL, NULL, '平台维护通知', '本周日将进行系统维护', '本周日凌晨 2:00-4:00 系统将进行例行维护，届时可能短暂无法访问。', 0, NOW(), NULL),
(3, 0, '系统公告', 5, 1, 1, NULL, '新功能上线', '标签筛选功能已上线', '现在您可以通过标签快速筛选和发现感兴趣的网站资源。', 1, NOW(), NOW()),
(4, 0, '系统公告', 8, 1, NULL, NULL, '数据备份完成', '系统已完成本周数据备份', '系统已完成本周数据备份，数据安全有保障。', 0, NOW(), NULL),
(5, 5, '张三', 12, 2, 1, 1, '张三回复了您的评论', '感谢您的推荐！', '感谢您的推荐，ChatGPT 确实非常好用！', 1, NOW(), NOW()),
(6, 0, '系统公告', 15, 1, NULL, NULL, 'API 升级通知', 'v2.0 API 即将上线', 'v2.0 版本的 API 将于下月上线，请开发者及时关注迁移文档。', 0, NOW(), NULL),
(7, 12, '李四', 5, 3, 1, 2, '李四赞了您的评论', '您的评论获得了新的点赞。', '用户 李四 赞了您在 ChatGPT 的评论。', 1, NOW(), NOW()),
(8, 0, '系统公告', 3, 1, NULL, NULL, '用户等级系统', '用户等级和积分即将上线', '新版本将推出用户等级和积分系统，敬请期待。', 0, NOW(), NULL),
(9, 8, '王五', 3, 2, 3, 3, '王五回复了您的评论', '同意您的观点！', '同意您的观点，GitHub Copilot 确实让编码效率提升了很多。', 1, NOW(), NOW()),
(10, 0, '系统公告', 7, 1, NULL, NULL, '安全提醒', '请及时修改密码', '为保障账户安全，建议您定期修改登录密码。', 0, NOW(), NULL),
(11, 0, '系统公告', 10, 1, NULL, NULL, '秋季更新预告', '多项新功能即将上线', '秋季版本将带来全新的 UI 设计和更多功能优化。', 0, NOW(), NULL),
(12, 15, '赵六', 8, 3, 6, 4, '赵六赞了您的评论', '您的评论获得了新的点赞。', '用户 赵六 赞了您在 Google 的评论。', 0, NOW(), NULL),
(13, 0, '系统公告', 14, 1, NULL, NULL, '社区规范更新', '请阅读最新社区规范', '社区规范已更新，请前往查看最新版本。', 0, NOW(), NULL),
(14, 0, '系统公告', 18, 1, NULL, NULL, '合作伙伴计划', 'WebStack 合作伙伴招募中', 'WebStack 合作伙伴计划正式启动，欢迎报名参加。', 1, NOW(), NOW()),
(15, 25, '陈默', 17, 3, 19, 7, '陈默赞了您的评论', '您的评论获得了新的点赞。', '用户 陈默 赞了您在 Figma 的评论。', 0, NOW(), NULL),
(16, 0, '系统公告', 22, 1, NULL, NULL, '移动端上线', 'WebStack 移动端正式发布', 'WebStack 移动端 App 正式上线，支持 iOS 和 Android。', 1, NOW(), NOW()),
(17, 0, '系统公告', 28, 1, NULL, NULL, '性能优化完成', '搜索性能提升 50%', '搜索引擎性能优化已完成，查询速度提升了 50%。', 0, NOW(), NULL),
(18, 42, '蒋浩', 33, 3, 33, 10, '蒋浩赞了您的评论', '您的评论获得了新的点赞。', '用户 蒋浩 赞了您在京东的评论。', 0, NOW(), NULL),
(19, 0, '系统公告', 35, 1, NULL, NULL, '春节活动预告', '春节红包活动即将开始', '春节红包活动即将上线，敬请期待！', 1, NOW(), NOW()),
(20, 0, '系统公告', 40, 1, NULL, NULL, '数据库升级', '数据库版本升级通知', 'MySQL 版本将升级到 8.0，届时会有短暂停机。', 0, NOW(), NULL),
(21, 0, '系统公告', 45, 1, NULL, NULL, '新分类上线', 'AI 工具分类已新增', 'AI 工具分类已新增多个子分类，欢迎浏览。', 0, NOW(), NULL),
(22, 0, '系统公告', 50, 1, NULL, NULL, '域名变更', '平台域名变更通知', '平台域名将于下月变更为新地址，请及时更新书签。', 0, NOW(), NULL),
(23, 0, '系统公告', 55, 1, NULL, NULL, '感恩回馈', '老用户专享优惠', '为感谢老用户支持，特推出专属优惠活动。', 1, NOW(), NOW()),
(24, 0, '系统公告', 58, 1, NULL, NULL, '插件市场上线', '浏览器插件市场正式开放', 'WebStack 浏览器插件市场正式上线，支持自定义扩展。', 1, NOW(), NOW()),
(25, 0, '系统公告', 60, 1, NULL, NULL, '年度报告', '2025 年度报告已生成', '您的 2025 年度使用报告已生成，欢迎查看。', 0, NOW(), NULL),
(26, 5, '张三', 1, 2, 1, 1, '张三回复了您的评论', '感谢您的分享！', '感谢分享使用体验，欢迎继续反馈。', 1, NOW(), NOW()),
(27, 0, '系统公告', 4, 1, NULL, NULL, '新春祝福', '恭祝新春快乐', '值此新春佳节，祝您新年快乐，万事如意！', 1, NOW(), NOW()),
(28, 0, '系统公告', 6, 1, NULL, NULL, '账号安全', '异地登录提醒', '您的账号在异地登录，如非本人操作请及时修改密码。', 0, NOW(), NULL),
(29, 0, '系统公告', 9, 1, NULL, NULL, '功能更新', '暗黑模式上线', '暗黑模式已上线，可在设置中开启。', 1, NOW(), NOW()),
(30, 0, '系统公告', 11, 1, NULL, NULL, '内容推荐', '为您推荐热门网站', '本周热门网站推荐已更新，欢迎浏览。', 0, NOW(), NULL),
(31, 0, '系统公告', 13, 1, NULL, NULL, '积分活动', '每日签到积分翻倍', '本周签到积分翻倍，赶快来签到吧！', 0, NOW(), NULL),
(32, 0, '系统公告', 16, 1, NULL, NULL, '系统升级', '评论系统升级完成', '评论系统已完成升级，新增图片评论功能。', 1, NOW(), NOW()),
(33, 0, '系统公告', 19, 1, NULL, NULL, '隐私政策', '隐私政策更新通知', '平台隐私政策已更新，请查阅最新版本。', 0, NOW(), NULL),
(34, 0, '系统公告', 20, 1, NULL, NULL, '维护通知', '网络设备维护', '网络设备升级维护，届时可能出现短暂网络波动。', 0, NOW(), NULL),
(35, 0, '系统公告', 21, 1, NULL, NULL, '新版本发布', 'v3.0 大版本发布', 'v3.0 版本正式发布，带来全新架构和更优体验。', 1, NOW(), NOW()),
(36, 0, '系统公告', 23, 1, NULL, NULL, '数据迁移', '数据迁移完成', '数据迁移工作已顺利完成，服务恢复正常。', 1, NOW(), NOW()),
(37, 0, '系统公告', 24, 1, NULL, NULL, '搜索优化', '搜索结果更精准', '搜索算法已优化，搜索结果相关性提升了 30%。', 0, NOW(), NULL),
(38, 0, '系统公告', 26, 1, NULL, NULL, '教育合作', '与知名高校达成合作', '平台已与多所知名高校达成内容合作协议。', 0, NOW(), NULL),
(39, 0, '系统公告', 27, 1, NULL, NULL, '招聘信息', 'WebStack 团队招聘', 'WebStack 团队正在招聘前后端工程师，欢迎投递。', 0, NOW(), NULL),
(40, 0, '系统公告', 29, 1, NULL, NULL, '订阅服务', '高级订阅服务上线', '高级订阅服务已上线，享受更多专属功能。', 1, NOW(), NOW()),
(41, 0, '系统公告', 30, 1, NULL, NULL, '安全审计', '通过安全审计认证', '平台已通过国家信息安全等级保护三级认证。', 1, NOW(), NOW()),
(42, 0, '系统公告', 31, 1, NULL, NULL, '合作伙伴', '新增战略合作伙伴', '与多家知名企业达成战略合作，丰富平台内容。', 0, NOW(), NULL),
(43, 0, '系统公告', 32, 1, NULL, NULL, '数据报告', 'Q2 数据报告发布', '2026 年第二季度平台数据报告已发布。', 0, NOW(), NULL),
(44, 0, '系统公告', 34, 1, NULL, NULL, '品牌升级', '品牌全新升级', '平台品牌形象全面升级，新 Logo 和新标语上线。', 1, NOW(), NOW()),
(45, 0, '系统公告', 36, 1, NULL, NULL, '公益项目', '教育公益项目启动', 'WebStack 教育公益项目正式启动，助力山区教育。', 0, NOW(), NULL),
(46, 0, '系统公告', 37, 1, NULL, NULL, '法律声明', '平台法律声明更新', '平台用户协议和法律声明已更新，请查阅。', 0, NOW(), NULL),
(47, 0, '系统公告', 38, 1, NULL, NULL, '开放平台', '开放平台 API 上线', '开放平台 API 正式上线，欢迎开发者接入。', 1, NOW(), NOW()),
(48, 0, '系统公告', 39, 1, NULL, NULL, '资源整合', '资源整合计划', '平台将整合优质资源，打造一站式导航服务。', 0, NOW(), NULL),
(49, 0, '系统公告', 41, 1, NULL, NULL, '用户调研', '用户满意度调研', '诚邀您参与用户满意度调研，完成有奖。', 0, NOW(), NULL),
(50, 0, '系统公告', 42, 1, NULL, NULL, '存储升级', '云存储容量升级', '用户云存储容量已免费升级至 10GB。', 1, NOW(), NOW()),
(51, 0, '系统公告', 43, 1, NULL, NULL, '内容审核', '内容审核标准更新', '平台内容审核标准已更新，请遵守相关规定。', 0, NOW(), NULL),
(52, 0, '系统公告', 44, 1, NULL, NULL, '技术沙龙', '技术沙龙活动报名', '本月将举办技术沙龙活动，欢迎报名参加。', 0, NOW(), NULL),
(53, 0, '系统公告', 46, 1, NULL, NULL, '节日活动', '端午节活动上线', '端午节特别活动已上线，参与赢好礼。', 1, NOW(), NOW()),
(54, 0, '系统公告', 47, 1, NULL, NULL, '国际化', '多语言支持上线', '平台已支持中英双语，更多语言即将上线。', 0, NOW(), NULL),
(55, 0, '系统公告', 48, 1, NULL, NULL, '会员体系', '会员等级体系重构', '会员等级体系全面重构，新增更多权益。', 0, NOW(), NULL),
(56, 0, '系统公告', 49, 1, NULL, NULL, '数据导出', '新增数据导出功能', '用户数据导出功能已上线，支持 JSON 和 CSV 格式。', 1, NOW(), NOW()),
(57, 0, '系统公告', 51, 1, NULL, NULL, '广告合作', '广告合作方案发布', '平台广告合作方案已发布，欢迎咨询。', 0, NOW(), NULL),
(58, 0, '系统公告', 52, 1, NULL, NULL, '搜索引擎', '站内搜索引擎升级', '站内搜索引擎已升级，支持语义搜索。', 0, NOW(), NULL),
(59, 0, '系统公告', 53, 1, NULL, NULL, '职业发展', '职业发展频道上线', '职业发展频道正式上线，提供求职指导和内推机会。', 0, NOW(), NULL),
(60, 0, '系统公告', 54, 1, NULL, NULL, '年度总结', '年度功能总结', '2026 年上半年功能更新总结和下半年规划。', 1, NOW(), NOW());
